filiere,part_production
Biomasse,0.9963978106374557
Charbon,4.040379403317764
Fioul,7.059818474582828
Gaz,31.664283311716137
Géothermie,0.00486142528083306
Hydraulique,56.234259574464986
