filiere,prix_MWh,part_de_production,factor
Charbon,36.924800000000005,3.503460207612456,0.92312
Fioul,78.46520000000001,3.4602076124567467,0.92312
Gaz,78.46520000000001,30.276816608996533,0.92312
Hydraulique,16.154600000000002,37.02422145328719,0.92312
Solaire,131.08304,0.34074712186230743,0.92312
Eolien,133.85240000000002,3.307898614086423,0.92312
